Id,Sponsors
1,Family Office Networks
2,CBRE
3,Juniper Square
4,Fitch Ratings
5,Preqin
6,Real Assets Adviser
7,Asset-Backed Alert
8,Brain
9,Commercial Mortgage Alert
10,Deloitte
11,JLL
12,S&P Global 
13,Yardi
14,100 Women in Finance
15,GlobalCapital
16,Sabadell
17,Mipim
18,Baker McKenzie
19,Blau Journal
20,Alvarez & Marsal
21,Europe Real Estate
22,Fixed Income Investor Network
23,Lima One Capital
24,Marsh-JLT Speciality
25,Souza Lima
26,Altus Group
27,Corevest
28,Credit Suisse
29,Etoile
30,ICLG
31,InterContinental Hotels Group
32,KBRA
33,Moody's
34,ROC Capital
35,SmartRent
36,ABB
37,CCR
38,Cisco
39,Colliers International
40,EisnerAmper
41,FTI Consulting
42,ManuLife
43,Nuveen Real Estate
44,Paul Hastings
45,Real Estate Capital
46,Regus
47,Savvy Investor
48,"Westmount Realty Capital, LLC"
49,Appfolio Investment Management
50,Cadwalader
51,Clifford Chance
52,CliftonLarsonAllen
53,CohnReznick
54,Debtwire
55,Greystar
56,Hedge Connection
57,International Workplace Group
58,Intex
59,Katerra
60,Kramer Levin
61,Newmark Knight Frank
62,PointCentral
63,Vitrium Capital
64,ADT
65,AIMA
66,BarclayHedge
67,Barings
68,Brookfield
69,CMS
70,Duane Morris
71,Finance of America Commercial
72,GrupoPatio
73,Hedge Fund Alert
74,JP Morgan
75,Marks Paneth
76,Media Planet
77,Morgan Stanley
78,Societe Generale
79,Stabilis
80,Trepp
81,Access.Run
82,Ascent Multifamily Accounting
83,Avid Xchange
84,Bank of America
85,BSI Financial Services
86,CA Ventures
87,CAIA Association
88,CVCA
89,DBRS Morningstar
90,Dechert LLP
91,Demarest
92,Duff & Phelps
93,DWS
94,Dynamo Software
95,Financial Poise
96,Global Talent
97,Goldman Sachs
98,Graña y Montero
99,Greenberg Traurig
100,GRESB
101,ILPA
102,IPE Real Assets
103,Lombard International
104,"Manesco, Ramires, Perez, Azevedo Marques"
105,Marcum Financial Services
106,Orrick
107,Pelorus Equity Group
108,PGIM Investments
109,Pintar Investment Company
110,Proskauer
111,PWC
112,Ready Capital
113,Real Capital Analytics
114,Realpage
115,Scotsman Guide
116,Sharestates
117,SiiLA
118,Sunstone Properties Trust
119,Vinci Partners
120,Alter Domus
121,Angel Oak Capital Advisors
122,Apex
123,AURA Real Estate Experts
124,Baceline Investment
125,BCG
126,BuilderFinance
127,CenterSquare
128,Chec Port City Colombo (PVT) Ltd.
129,Civic
130,CNBS
131,Colony Capital
132,CoWrks
133,Credberg
134,DLA Piper
135,Evervantage
136,Family Office Real Estate Magazine
137,Fund that Flip
138,GAR Corp
139,Hoban Law Group
140,Hunt Real Estate Capital
141,Institutional Investing in Infrastructure
142,Jurny
143,KattenMuchinRosenman LLP
144,KPMG
145,LEM Capital
146,Multi-Housing News
147,Parkview Financial
148,PE Hub
149,Polsinelli
150,ReedSmith
151,Rently Keyless
152,River Oak Risk
153,Ropes & Gray
154,RSM
155,Seyfarth Shaw
156,Sidley
157,SmartMoneyMatch
158,SMBC
159,Tabreed
160,TOA
161,Universe Holdings
162,Venture Capital Journal
163,Virtus Partners
164,W Financial
165,Walker & Dunlop
166,Welspun One
167,Zuber Lawler
168,Accenture
169,AlixPartners
170,Alliant Strategic
171,Alston & Bird
172,Anchin
173,Argentic
174,Baker Botts
175,Banca Imi
176,BentallGreenOak
177,Berkshire Property Holdings
178,Buyouts
179,Carto
180,Charter Hall
181,CIM
182,CITI
183,Cohen & Company
184,Cohen & Steers Capital Management
185,Computershare
186,Dish Fiber
187,dv01
188,Edelweiss Alternative Asset Advisors
189,Emerald Creek Capital
190,EQT Credit
191,Evestment
192,EY
193,Family Office Magazine
194,FS Investments
195,GHIG
196,Global Strategic
197,Greenberg Glusker
198,Hunton Andrews Kurth
199,IceMiller Legal Council
200,IRA Financial
201,Kong Capital
202,Latham & Watkins
203,LendingOne
204,LOGS Legal Capital
205,MG Properties Groups
206,Natixis Investment Managers
207,Nearwater Capital
208,NRE Capital Partners
209,Partners Group
210,PERE
211,Phoenix Property Investors
212,Pine Tree
213,Planomatic
214,Private Funds CFO
215,Realterm
216,RentersWarehouse
217,Ritch Mueller
218,Rocket Station Virtual Assistants
219,Roscoe Property Management
220,s2e Technologies
221,Salveo Capital
222,"Senior Living Equity Partners, LLC"
223,SIL
224,Stewart
225,Taskeasy
226,Tata Group
227,The Black Swan Group
228,The DI Wire
229,The Korea Herald
230,The Mortgage Leader
231,The Multifamily Group
232,Tower Capital
233,Turnaround Solutions
234,Urban Land Institute
235,Viridian Capital Advisors
236,West Bay Capital
237,White & Case
238,Wilmington Trust
239,Wolf Theiss
240,ADISA
241,AEW
242,Al Marjan Island
243,Alcentra
244,Allen & Overy
245,Allianz
246,Andrew Davidson & Co
247,Anthesis
248,AON
249,Apartment Association of Orange County
250,Appraisal Nation
251,Arch Capital Management
252,Ardian
253,Argo
254,Arrowhead Capital
255,ARUP
256,ASBZ
257,Asian American Hotel Owners Association
258,Avenue Living Asset Management
259,AXA Investment Managers
260,BAI
261,Banco Sabadell
262,BDS Analytics
263,BKD CPAs & Advisors
264,BlackRock
265,Blank Rome
266,BNY Mellon
267,Boutique & Lifestyle Leaders Association
268,BR Properties
269,BRK Ambiental
270,BroadRiver
271,Buildium
272,CA 420 Properties
273,CAASA
274,CAIS
275,Campbell Lutyens
276,Cantor Fitzgerald
277,CapitaLand
278,Carson
279,Castle Lanterra Properties
280,Centurion Asset Management Inc
281,Chesterfield Faring Ltd
282,Columbia Pacific Advisors
283,Columbia Threadneedle Investments
284,Commercial Dispute Resolution
285,Concise
286,Connect
287,CoreLogic
288,Corrigo
289,Cortland
290,Cromwell Property Group
291,CSC
292,Delta Capital Partners
293,Direct Lending Partners
294,Eagle Eye Networks
295,Emerald Magazine
296,ERM
297,Fetch
298,First Eagle Investment Management
299,Flamboyant
300,Franklin Templeton Investments
301,GLG
302,Global Business Inc
303,GLP
304,GreatAmerica Portfolio Services
305,Greenman
306,Greystone
307,Griffin Capital Securities
308,GroupRMC
309,Grupo Zap
310,Happy Co
311,Hott Solutions
312,HPS
313,iCapital Network
314,ICG
315,Informov
316,Invesco
317,IPA
318,"K2 Clean Energy Capital, LLC"
319,Kirkland & Ellis
320,Knock
321,L.A. Cannabis News
322,Landmark Partners
323,LAVCA
324,LendingHome
325,Libercon
326,Link Group
327,Linklaters
328,Litigation Finance Journal
329,LSQ
330,Lubin Olson & Niewiadomski LLP
331,LXR Holdings
332,M&G Real Estate
333,Maples Group
334,Marijuana Policy Project
335,Mayer Brown
336,"McMichael Taylor Gray, LLC"
337,Meridian Capital Group
338,MFS Supply
339,MGG Investment Group
340,"Morris, Manning & Martin, LLP"
341,Morrison Foerster
342,NAFAA
343,NAREIM
344,National Venture Capital Association
345,New House
346,NIRI
347,North Texas Wash & Lube Services
348,Northleaf Capital Partners
349,Novel Coworking
350,NXT Capital
351,Obligo
352,Ogier
353,Padgett Law Group
354,Patria
355,PCMA
356,PE Open
357,PennantPark
358,PEWIN
359,PHH Mortgage
360,"Phoenix American Financial Services, Inc."
361,Pintar
362,Pioneer Realty Capital
363,Post Brothers
364,Principles for Responsible Investment
365,Private Equity CFO Association
366,Property Masters
367,Prosek
368,QIC
369,Ramboll
370,RepRisk
371,Residential Capital Partners
372,REX
373,Rhenium Capital
374,Ridgewood Infrastructure
375,Roofstock
376,SAP
377,SES Risk Solutions
378,Seward & Kissel LLP
379,Simon-Kucher & Partners
380,Sparrow Hawk
381,Standish Management
382,StayBoutique
383,Stern & Eisenberg
384,Stonepeak
385,Summit Real Estate Group
386,Sunset Equity
387,TalkMarkets
388,Tallento
389,TerraCap
390,Texas Wall Street Women
391,The Home Depot Renovation Services
392,The Mortgage Lender
393,TheGRCBlueBook
394,Tikehau Capital
395,Today's Hotelier
396,TPG
397,Triovest
398,UBS
399,UCC Plus
400,Uncomn
401,US Bank
402,USI
403,Vervent
404,Vinson & Elkins LLP
405,Westport Capital Partners LLC
406,Wiener Boerse
407,Women Talk Real Estate
408,wpd
409,WRISE
410,Zepos & Yannopoulos
411,"Zinc Financial, Inc"
412,3P Equity Capital
413,4C
414,A&M
415,ABAAI
416,ABDIB
417,ABOL
418,Abralog
419,ACA Aponix
420,ACA Compliance Group
421,Ação Integrada
422,ACEA
423,ACG
424,Ackman Ziff
425,ACOBIR
426,Activist Legal LLP
427,ADEMI RJ
428,ADI Capital Partners
429,ADIG
430,Adivo Construction
431,Advantage Insurance
432,Adya Partners
433,Aegon Asset Management
434,Affiniti Finance
435,Afme
436,AGIO
437,AHP Servicing
438,AIG
439,AIRDNA
440,Albourne Village
441,Alegra Capital
442,Alexander Group
443,Alexandria Capital
444,Aloha Capital
445,Alpha Journal
446,Amazon Web Services
447,Amazônia
448,AmCap
449,American Destiny
450,American Investment Council
451,American Landmark
452,Ameritas Investment Partners
453,Amherst
454,AMNT
455,AMP Capital
456,Ancala
457,Anchorage
458,Ancora
459,Angelo Gordon
460,ANTIN
461,Anworth Mortgage
462,APCOL PTE LTD
463,Apera Asset Management
464,Apollo
465,Apperio
466,Aprao
467,Aptitude Development
468,Aquleia Capital Services
469,Arbor
470,ARC Ratings
471,Arcus Infrastructure Partners
472,Armadillo Financial Partners
473,Arroyo Capital
474,Art Software Group
475,Artemis Real Estate Partners
476,ASBRASS
477,Ashurst
478,Asia Horizon
479,Asia Money
480,Asia Wind Energy Association
481,AssetMetrix
482,Atalaya
483,Auction.com
484,Auerbach Funds
485,Australian Securitisation Forum
486,Autodesk
487,Automation Anywhere
488,Autonomy Investimentos
489,Avanta
490,AVCO
491,Ayming
492,Azora
493,Aztec Group
494,B2Kapital
495,Badi
496,Bailard
497,Bain & Company
498,Baird
499,BakerHostetler
500,Barclays
501,"Bayport Funding, LLC"
502,BCLP
503,BDO
504,Bedford Row Capital
505,Bench Walk Advisors
506,Beringar
507,Berkadia Seniors Housing
508,BF Capital
509,Bixby Land Company
510,Black Knight
511,Blake Communities
512,BloombergNEF
513,Bloomfield
514,Blue Atlantic Partners
515,Blue Chip Maintenance
516,Blue Ridge Partners
517,Blue Water Financial Technologies
518,Blueprint
519,BMO Capital Markets
520,BNP Paribas
521,Bobs Guide
522,BOK Financial
523,BondEvalue
524,Bracewell
525,Bradley
526,Brandywine Global
527,Brasil Bolsa Balcao
528,bravenewcoin.com
529,Bressler Amery & Ross
530,Bridge House Advisors
531,Brigade Capital Management
532,Brown Advisory
533,Brown Brothers Harriman
534,Bryan Cave Leighton Paisner
535,BSR
536,BTP
537,Buchalter
538,Buckley
539,Budapest Business Journal
540,Building Minds
541,Bungalow
542,BVK
543,BW Strategies
544,"C2G Advisors, LLC"
545,CalALTs
546,Calamos Investments
547,Cambiar Investors
548,CAMG LLP
549,Canada Mexico Chamber of Business
550,CanFirst Capital Management
551,Capaven
552,Capital Advisors
553,Capital Analytics Associates
554,Capital Dynamics
555,Capital Four
556,Capital Funding Group
557,Capital Group
558,Capital One
559,CapitalOne
560,CapRock Partners
561,Carbon Intelligence
562,Carey Olson
563,CASHFAC
564,Catalyze
565,CBMM
566,CDP
567,CEEQA
568,Cepal
569,CFA Society San Francisco
570,CFN Media Group
571,CGN Media Group
572,Chamber of Digital Commerce
573,Chapman Cutler LLP
574,Charles Schwab
575,Charleston Capital Management
576,Cherre
577,Cherry Hill Mortgage Investment Corporation
578,CIBC
579,CITCO
580,Citibox
581,Citizen Home Solutions
582,CLA
583,Claim Recovery Experts
584,Cleary Gottlieb
585,CLUBE Fii
586,CME Group
587,Coin Telegraph
588,Cole
589,COMATCH
590,Conning
591,Constellation Homebuilder Systems
592,Construction World
593,Contact Services LLC
594,ConTech
595,Contract Services LLC
596,Conveste Serviços Financeiros
597,Corigin
598,CoStar
599,Coyote
600,Crédit Agricole
601,Credit Suisse Asset Management
602,Credit Village
603,CREFC Europe
604,Cresset Partners
605,Crestbridge
606,Crosslake
607,Crow Holdings
608,Crow Holdings Capital
609,Crowdfund Insider
610,Crowdfunding Lawyers.net
611,CrowdReviews
612,Crowell Moring
613,Crown Realty Partners
614,Crypto Events
615,CTP
616,Curiam
617,D.A.W.G.S
618,Dagne Dover
619,Dana Rebecca Designs
620,DataLend
621,Debevoise & Plimpton
622,Décideurs Magazine
623,Delaware Funds by MacQuarie
624,Demand Logic
625,Dempsey Center
626,Dentons
627,Der Immobilien Brief
628,Dexus
629,Diaáio Imobiliário
630,Dimension 10
631,DirectedCapital
632,Discovery Data
633,DLP Capital Partners
634,Docket Alarm
635,DocuSign
636,Doordeck
637,Dovenmuehle
638,DP
639,Drawbotics
640,DTCC
641,Duke Capital Advisors
642,DuniaFintech
643,DZ Bank
644,Eagle Point Credit Management
645,Eastham Capital
646,Eaton Partners
647,Eaton Vance
648,ECI
649,Edelman
650,EJF
651,Elan Multifamily Investments
652,Elemental
653,Eleven Financial Research
654,Elfa
655,Elmsure
656,EmergingMarkets
657,EMPEA
658,Empire Today
659,Encore Capital Management
660,Endava
661,Eneas Alternative Investments
662,Engetec
663,Enterprise Ethereum Alliance
664,EnTrust Global
665,EOS
666,Equitix
667,Eris Innovations
668,eSec Lending
669,ESEDA
670,ESJ
671,Esri UK
672,Essex Capital
673,ETF MG
674,EuPraxis FSI
675,Europa Property
676,European Datawarehouse
677,Eversource Capital
678,EWM Global
679,Exeter Property Group
680,Falcon Rappaport & Berkman PLLC
681,Faria Lima Capital
682,Fengate Asset Management
683,Fidelity Digital Assets
684,Fidelity National Title
685,FinchRatings
686,Finsight
687,Fintech Finance
688,Fintech Weekly
689,First Constructional Council
690,First Continental
691,First State Investments
692,FirstTitle
693,FitchLearning
694,Flexstone Partners
695,Florida Green Building Coalition
696,Florida Home Builders Association
697,Forsite
698,Fortesec
699,Fortress Investment Group
700,Freehold
701,FRWD@Bain
702,Fund Administration
703,Funding Circle
704,Further Capital
705,GAW Capital
706,GBBC
707,Geo Slam
708,Geovation
709,GlaserWeil
710,Glennmont Partners
711,Global Atlantic Financial Group
712,Global Capital
713,Global City Development
714,Global Custodian
715,Global Infrastructure Partners
716,Global Legal Group
717,Global Relay
718,Global Risk Community
719,Global Sustain
720,Globalization Partners
721,GlobalRMB
722,Globalvia
723,GMO
724,Goodwin
725,Graywood
726,"Great Lakes Dredge & Dock Company, LLC"
727,Green Street Advisors
728,GRIT
729,Grosvenor Americas
730,GS Inima Brasil
731,GTIS Partners
732,Guy Carpenter
733,Habitat Capital Partners
734,Hankin Pack
735,Harbor Funds
736,Harneys
737,Hart Realty Advisers
738,HAS Capital
739,Haynes and Boone
740,HDFH
741,Helaba
742,Hellenic Bank Association
743,Henley
744,Hermes Infrastructure
745,Hexagon
746,Hidden Levers
747,Highbrook
748,Hipoges Iberia
749,Hodges Ward Elliott
750,Hogan Lovells
751,HomeRiver Group
752,Hotel Association of New York City
753,Houlihan Lokey
754,Housingwire
755,Hoxton Analytics
756,HSBC
757,Huatai International
758,Humatica
759,Hyperledger
760,Hyphen Solutions
761,Hyundai BS&C
762,IDSA
763,IFM Investors
764,IGIS Asset Management
765,IHS Markit
766,Immobilien Zeitung
767,IMS
768,Incenter
769,Indefi
770,Indigo
771,InfaBode
772,InfraRed
773,Infraspeak
774,Infrastructure Business Japan
775,INmobiliaria
776,Insight One
777,InstarAGF
778,Integral Brei Real Estate
779,IntegriDATA
780,Intercontinental Real Estate Corporation
781,Invenomic Capital Management
782,Inventory Base
783,Invest Europe
784,Invicara
785,IPC
786,"J.B. Lloyd & Associates, LLC"
787,J.Mendes
788,James Alpha Advisors
789,Jeffer Mangels Butler & Mitchell LLP
790,"Jeffrey M. Verdon Law Group, LLP"
791,John Deere
792,Jones Walker
793,Journal of Structure Finance
794,JTW M&A Advisors
795,Kairos Real Estate Partners
796,Kartesia
797,Kawa Capital Management
798,KeyBank Real Estate Capital
799,King & Spalding
800,Kitt
801,KopenTech
802,Kyriba
803,Lakeview Loan Servicing LLC
804,Lancaster Pollard
805,Land Attic
806,Law Finance Group
807,Lionpoint
808,Litman Gregory Masters Funds
809,Loan Bidz
810,Loancare
811,Loomis Sayles
812,Lord Capital
813,LTC Reit
814,Lubert Adler
815,Luxembourg Stock Exchange
816,MacQuarie
817,Madison
818,Magazine Imobiliário
819,Maisto e Associati
820,Malk Partners
821,Manatt 
822,Manhattan Hospitality Advisors
823,Marathon Asset Management
824,Marcus & Millichap
825,Marjan
826,Markin Asset Management
827,Maslow Capital
828,Mauá Capital
829,MaxCap Group
830,Mazars USA LLP
831,MCT
832,Medalist Partners
833,Menlo Equities
834,Mergermarket
835,Merricks Capital
836,Metlife Investment Management
837,MIAC
838,Midland Trust Co.
839,Millenium Global
840,Millennium Trust Company
841,Milliman
842,Mizuho
843,MM & K
844,MM. LaFleur
845,Modern Bankers
846,Modern Woodmen Fraternal Financial
847,Mohawk
848,Monetary Authority of Singapore
849,Monitor Daily
850,Morgan Lewis
851,Mortage Finance Publications
852,MossAdams
853,MRI Real Estate Software
854,MUFG
855,MultiGreen Properties
856,My Smart Handyman
857,Napier Park Global Capital
858,National Health Investors
859,NatWest Markets
860,Need to Sell My House Fast
861,Nelson Mullins
862,New Forests
863,Nicola Wealth
864,NIIFL
865,Niobium
866,Nord/LB
867,Northeast Maglev
868,Northern Trust
869,NuID
870,NYL Investors
871,OAG
872,Offerpad
873,Offr
874,Olshan
875,Olshan Frome Woloksky LLP
876,Omega
877,OMFIF
878,Omrt
879,OneWall Partners
880,Openbox
881,OpenProperty
882,Opportune
883,Oracle Construction and Engineering
884,Ord In
885,Orion First
886,Orion Resource Partners
887,Ourinvest Real Estate
888,Owl Rock
889,Pacific Life
890,Pacific Western Bank
891,Palisades
892,"Partner Engineering and Science, Inc."
893,Patrizia
894,PCS
895,PEG Companies and FullG Capital
896,Pemberton
897,Pembrook
898,Pemco REO Services
899,Pentegra
900,Pepper Hamilton LLP
901,Perkins Coie
902,PiLabs
903,Pillsbury
904,PineBridge Investments
905,Pinnacle
906,Pinsent Masons
907,PlaceTech
908,PLAN
909,Plante Moran REIA
910,Platform Ventures
911,Polypaths
912,Port Corpus Christi
913,Port Montreal
914,Premier Partners
915,Prensa 
916,Prestige Funds
917,Privcap
918,Procore
919,Proda
920,Prologis
921,Prometheum
922,Promontory
923,PropertyMeld
924,Propetly
925,Proptech Japan
926,Proterra
927,ProTitleUSA
928,Prytania Asset Management
929,QRM
930,Quant
931,Queensland Investment Corporation (QIC)
932,RAM Real Estate Capital
933,RB Capital
934,RBC Investor & Treasury Services
935,RCN Capital
936,Real Estate Beige Book
937,Real Foundations
938,Real Page
939,Real Protect
940,RealProtect
941,Realxdata
942,Red Bridges Advisors
943,Red IQ
944,Red Tower Capital
945,Redbrick LMD
946,ReDirect
947,Reditum Capital
948,Regulatory Compliance Watch
949,Reigo
950,Renaissance Regulatory Services
951,Resolute Property Solutions
952,Revolve Capital Group
953,RICS
954,Ridgewood Energy
955,Ripple
956,RJO FIG
957,Robo Global
958,"Roby,ai"
959,Rockstead Group
960,"Rosenberg & Estis, P.C."
961,RPS
962,RRCA
963,RS Energy Group
964,Safehold
965,Sales Force
966,Sancus Capital Management
967,Sanne
968,SC Capital Partners
969,Schroders
970,Schulte Roth & Zabel
971,Sculptor Capital Management
972,Sea Oak Capital
973,SECA
974,Secovi-SP
975,Sector Financial Inc. 
976,Securitize
977,SEIX Investment Advisors LLC
978,Seldin Company
979,Semper Capital Management
980,Senior Care Investor
981,Servicelink
982,Servicing Corporation
983,SESMA
984,Shardul Amarchand Mangaldas
985,Share Student Living
986,Shaw Floors
987,Shearman & Sterling
988,Shopoff Realty Investments
989,"ShopOne Centers REIT, Inc."
990,Simco Durability Engineering
991,Simmons + Simmons
992,Sindona
993,SitusAMC
994,SIUMA
995,Skyline
996,Slaughter and May 
997,Smarsh
998,Smead Capital Management
999,SMEG
1000,SMP
1001,SMS Financial
1002,Sokolof Remtulla
1003,Sonder
1004,Sotreq
1005,Sound Mark Partners
1006,Spire Residential
1007,Sprott
1008,Sprott Asset Management LP
1009,Sprout Mortgage
1010,Spruce
1011,SquarMilner
1012,SROA Capital
1013,SS&C
1014,SSFH
1015,Standard Chartered
1016,Starcity
1017,Starr Insurance Companies
1018,State Street
1019,Sterlington Legal Solutions
1020,"Steven Winter Associates, Inc."
1021,Stikeman Elliott
1022,Stockbridge Capital Group
1023,Stone Mountain Capital
1024,Stonebriar Commercial Finance
1025,Structural Technologies
1026,Structure Capital
1027,Sudduth Search
1028,Summit Investment Management
1029,Sun Life Investment Management
1030,SVN
1031,Swampfox Aerial
1032,Symbiont
1033,Symphony from Nuveen
1034,Tabb Group
1035,TalMix
1036,Tate Group
1037,TBM
1038,TechnipFMC
1039,Telos Asset Management LLC
1040,The Electrum Group
1041,The Mahoney Group
1042,The Michelson Organization
1043,The Options Industry Council
1044,The Praedium Group LLC
1045,The Resmark Companies
1046,THEIA
1047,Themis Legal Capital
1048,Therium
1049,Thomas Daily
1050,TMF Group
1051,Toorak Capital Partners
1052,Top Market Group
1053,"Tortoise Capital Advisors, LLC"
1054,Tricor
1055,Trimble
1056,Tristan Capital Partners
1057,Tudor Pickering Holt & Co
1058,Twinview
1059,UKPropTech
1060,UNICO
1061,UniCredit
1062,Unissu
1063,United National Development Business
1064,Urbam Catalyst
1065,Urban Intelligence
1066,Validity
1067,Vauban
1068,VDP
1069,Vector Security
1070,Velis Real Estate Tech
1071,Ventas
1072,Vion Investments
1073,Vistra
1074,Vitacon
1075,Vivaldi Asset Management
1076,VMware
1077,Voya Financial
1078,Vunderink De Vries
1079,VXFiber
1080,Wall Street Blockchain Alliance
1081,Walton St Capital
1082,WAM Brasil
1083,Waratah
1084,Warwick Investment Group
1085,Washington Multi Family Housing Association
1086,Wave
1087,Weaver
1088,Weil
1089,Wells Fargo
1090,WellTower
1091,West Wheelock Capital
1092,White and Williams LLP
1093,WHLG
1094,Wingate
1095,Winstead Attorneys
1096,Wipro
1097,Withum
1098,Women's Energy Network Houston
1099,World Gold Council
1100,World Pensions Council
1101,Wright Finlay & Zak
1102,XP Asset Management
1103,XTRD
1104,Yellow Ribbon Fund
1105,YOO Capital Management
1106,YSC Consulting
1107,"ZBS Law, LLP"
1108,Zurich
1109,AlterDomus
1110,Angel Oak
1111,Natixis
